GRB_name,F [phot/cm^2/s/keV]
060123,4.5666209419295835e-05
050906,0.0031860146106485465
130603B,0.4794951989026063
200829A,0.5358075184932718
